{"metadata":{"asset_id":"cee93c4e-9318-4df8-900d-6bffd20581a5","asset_attributes":["notebook"],"name":"week 4 lab","asset_type":"notebook","created_at":"2023-03-08T19:54:34Z","description":"Complete the Machine Learning Prediction lab","origin_country":"us","owner_id":"IBMid-663002Z836","project_id":"70f1039e-cd44-48ca-a89f-f82c62a62c2b","size":1012133,"tags":["notebook"],"usage":{"last_update_time":1678311434542,"last_updated_at":"2023-03-08T21:37:14Z"}},"entity":{"notebook":{"kernel":{"name":"python3","display_name":"Python 3.10","language":"python"},"originates_from":{"type":"blank"},"runtime":{"environment":"rt222pys2-70f1039e-cd44-48ca-a89f-f82c62a62c2b"}},"location_definition":{"physical_location_code":"DAL","physical_location_code_assigned_by":"IBMid-663002Z836","physical_location_code_rds_id":"c57cb90f-2126-3800-9c9f-9eab82021cdf","physical_location_code_rds_version":"00002023-0222-4214-8758-996275000000_3","physical_location_code_assignment_method":"INFERRED","physical_location_code_added_on":"1678304229439"}},"attachments":[{"id":"e4de183e-ee7d-4352-9ddc-a7d6e4db7ee2","version":2,"asset_type":"notebook","name":"attachment for notebook cee93c4e-9318-4df8-900d-6bffd20581a5","description":"attachment for notebook cee93c4e-9318-4df8-900d-6bffd20581a5","mime":"application/json","datasource_type":"193a97c1-4475-4a19-b90c-295c4fdc6517","object_key":"notebook/week_4_lab_ESW4P0ADt.ipynb","creator_id":"IBMid-663002Z836","create_time":1678305275293,"size":1012133,"is_remote":false,"is_managed":false,"is_referenced":true,"is_object_key_read_only":false,"is_user_provided_path_key":true,"transfer_complete":true,"is_partitioned":false,"complete_time_ticks":1678305275293,"user_data":{},"test_doc":0,"handle":{"bucket":"completethemachinelearningpredict-donotdelete-pr-iphrv56nwwsrhw","location":"us-south","type":"bluemix_cos","key":"notebook/week_4_lab_ESW4P0ADt.ipynb","upload_id":"done","max_part_num":1},"usage":{"access_count":13,"last_accessor_id":"IBMid-663002Z836","last_access_time":1678311314523,"last_updater_id":"IBMid-663002Z836","last_update_time":1678311314523}}]}
