{"metadata":{"asset_id":"99b76a1f-e7eb-48ee-8e6b-3bf19cf737a5","asset_attributes":["notebook"],"name":"week 3 projict 1","asset_type":"notebook","created_at":"2023-03-07T19:57:05Z","description":"Complete the Interactive Visual Analytics with Folium lab","origin_country":"us","owner_id":"IBMid-663002Z836","project_id":"c4110235-1d6e-4e06-b829-e21c9e81ea70","size":135351,"tags":["notebook"],"usage":{"last_update_time":1678228306831,"last_updated_at":"2023-03-07T22:31:46Z"}},"entity":{"notebook":{"kernel":{"name":"python3","display_name":"Python 3.10","language":"python"},"originates_from":{"type":"blank"},"runtime":{"environment":"rt222pys2-c4110235-1d6e-4e06-b829-e21c9e81ea70"}},"location_definition":{"physical_location_code":"DAL","physical_location_code_assigned_by":"IBMid-663002Z836","physical_location_code_rds_id":"c57cb90f-2126-3800-9c9f-9eab82021cdf","physical_location_code_rds_version":"00002023-0222-4214-8758-996275000000_3","physical_location_code_assignment_method":"INFERRED","physical_location_code_added_on":"1678218845298"}},"attachments":[{"id":"bd77c0d3-d1a3-4151-bed2-cd7fac2d0b1c","version":2,"asset_type":"notebook","name":"attachment for notebook 99b76a1f-e7eb-48ee-8e6b-3bf19cf737a5","description":"attachment for notebook 99b76a1f-e7eb-48ee-8e6b-3bf19cf737a5","mime":"application/json","datasource_type":"193a97c1-4475-4a19-b90c-295c4fdc6517","object_key":"notebook/week_3_projict_1_Gp2AJxz48.ipynb","creator_id":"IBMid-663002Z836","create_time":1678219026220,"size":135351,"is_remote":false,"is_managed":false,"is_referenced":true,"is_object_key_read_only":false,"is_user_provided_path_key":true,"transfer_complete":true,"is_partitioned":false,"complete_time_ticks":1678219026220,"user_data":{},"test_doc":0,"handle":{"bucket":"week3projectpython-donotdelete-pr-frtizj9v9idltl","location":"us-south","type":"bluemix_cos","key":"notebook/week_3_projict_1_Gp2AJxz48.ipynb","upload_id":"done","max_part_num":1},"usage":{"access_count":21,"last_accessor_id":"IBMid-663002Z836","last_access_time":1678228306829,"last_updater_id":"IBMid-663002Z836","last_update_time":1678228306829}}]}
