{"description":"Pipeline asset type","fields":[{"key":"model_definition_dependencies","type":"string","facet":false,"is_array":true,"search_path":"model_definition_dependencies","is_searchable_across_types":false},{"key":"software_spec_dependencies","type":"string","facet":false,"is_array":true,"search_path":"software_spec_dependencies","is_searchable_across_types":false},{"key":"hardware_spec_dependencies","type":"string","facet":false,"is_array":true,"search_path":"hardware_spec_dependencies","is_searchable_across_types":false}],"external_asset_preview":{},"relationships":[{"key":"model_definition_dependencies","target_asset_type":"wml_model_definition","on_delete_target":"IGNORE","on_delete":"IGNORE","on_clone_target":"IGNORE","on_clone":"IGNORE","on_promote":"IGNORE","on_publish":"IGNORE"},{"key":"software_spec_dependencies","target_asset_type":"software_specification","on_delete_target":"IGNORE","on_delete":"IGNORE","on_clone_target":"IGNORE","on_clone":"IGNORE","on_promote":"IGNORE","on_publish":"IGNORE"},{"key":"hardware_spec_dependencies","target_asset_type":"hardware_specification","on_delete_target":"IGNORE","on_delete":"IGNORE","on_clone_target":"IGNORE","on_clone":"IGNORE","on_promote":"IGNORE","on_publish":"IGNORE"}],"properties":{"custom":{"type":"object","description":"caller defined properties","placeholder":"Put a value here","is_array":false,"required":false,"hidden":false,"readonly":false,"validated":false,"properties":{"{user-defined-property}":{"description":"custom property","placeholder":"Put a value here","required":false,"hidden":false,"readonly":false,"validated":false}}},"document":{"type":"object","description":"pipeline document","placeholder":"Put a value here","is_array":false,"required":false,"hidden":false,"readonly":false,"validated":false,"properties":{"app_data":{"type":"object","description":"app_data","placeholder":"Put a value here","is_array":false,"required":false,"hidden":false,"readonly":false,"validated":false,"properties":{"ui_data":{"type":"object","description":"caller defined ui_data","placeholder":"Put a value here","is_array":false,"required":false,"hidden":false,"readonly":false,"validated":false,"properties":{"{user-defined-property}":{"description":"custom property","placeholder":"Put a value here","required":false,"hidden":false,"readonly":false,"validated":false}}},"wml_data":{"type":"object","description":"wml_data","placeholder":"Put a value here","is_array":false,"required":true,"hidden":false,"readonly":false,"validated":false,"properties":{"hardware_spec":{"type":"object","description":"hardware_spec","placeholder":"Put a value here","is_array":false,"required":false,"hidden":false,"readonly":false,"validated":false,"properties":{"base_id":{"type":"string","description":"base hardware_spec id","placeholder":"Put a value here","is_array":false,"required":false,"hidden":true,"readonly":false,"validated":false},"id":{"type":"string","description":"hardware_spec id","placeholder":"Put a value here","is_array":false,"required":false,"hidden":false,"readonly":false,"validated":false},"name":{"type":"string","description":"hardware_spec name","placeholder":"Put a value here","is_array":false,"required":false,"hidden":false,"readonly":false,"validated":false},"num_nodes":{"type":"number","description":"number of nodes","placeholder":"Put a value here","is_array":false,"required":false,"hidden":false,"readonly":false,"validated":false},"rev":{"type":"string","description":"hardware_spec rev","placeholder":"Put a value here","is_array":false,"required":false,"hidden":false,"readonly":false,"validated":false}}},"software_spec":{"type":"object","description":"software_spec of the function","placeholder":"Put a value here","is_array":false,"required":false,"hidden":false,"readonly":false,"validated":false,"properties":{"base_id":{"type":"string","description":"base software_spec id","placeholder":"Put a value here","is_array":false,"required":false,"hidden":true,"readonly":false,"validated":false},"id":{"type":"string","description":"software_spec id","placeholder":"Put a value here","is_array":false,"required":false,"hidden":false,"readonly":false,"validated":false},"name":{"type":"string","description":"software_spec name","placeholder":"Put a value here","is_array":false,"required":false,"hidden":false,"readonly":false,"validated":false},"rev":{"type":"string","description":"software_spec rev","placeholder":"Put a value here","is_array":false,"required":false,"hidden":false,"readonly":false,"validated":false}}}}}}},"doc_type":{"type":"string","description":"pipeline document type","placeholder":"Put a value here","is_array":false,"required":true,"hidden":false,"readonly":false,"validated":false},"id":{"type":"string","description":"pipeline document id","placeholder":"Put a value here","is_array":false,"required":false,"hidden":false,"readonly":false,"validated":false},"pipelines":{"type":"object","description":"pipelines","placeholder":"Put a value here","is_array":true,"required":true,"hidden":false,"readonly":false,"validated":false,"properties":{"app_data":{"type":"object","description":"app_data","placeholder":"Put a value here","is_array":false,"required":false,"hidden":false,"readonly":false,"validated":false,"properties":{"ui_data":{"type":"object","description":"caller defined ui_data","placeholder":"Put a value here","is_array":false,"required":false,"hidden":false,"readonly":false,"validated":false,"properties":{"{user-defined-property}":{"description":"custom property","placeholder":"Put a value here","required":false,"hidden":false,"readonly":false,"validated":false}}},"wml_data":{"type":"object","description":"wml_data","placeholder":"Put a value here","is_array":false,"required":true,"hidden":false,"readonly":false,"validated":false,"properties":{"hardware_spec":{"type":"object","description":"hardware_spec","placeholder":"Put a value here","is_array":false,"required":false,"hidden":false,"readonly":false,"validated":false,"properties":{"base_id":{"type":"string","description":"base hardware_spec id","placeholder":"Put a value here","is_array":false,"required":false,"hidden":true,"readonly":false,"validated":false},"id":{"type":"string","description":"hardware_spec id","placeholder":"Put a value here","is_array":false,"required":false,"hidden":false,"readonly":false,"validated":false},"name":{"type":"string","description":"hardware_spec name","placeholder":"Put a value here","is_array":false,"required":false,"hidden":false,"readonly":false,"validated":false},"num_nodes":{"type":"number","description":"number of nodes","placeholder":"Put a value here","is_array":false,"required":false,"hidden":false,"readonly":false,"validated":false},"rev":{"type":"string","description":"hardware_spec rev","placeholder":"Put a value here","is_array":false,"required":false,"hidden":false,"readonly":false,"validated":false}}},"software_spec":{"type":"object","description":"software_spec of the function","placeholder":"Put a value here","is_array":false,"required":false,"hidden":false,"readonly":false,"validated":false,"properties":{"base_id":{"type":"string","description":"base software_spec id","placeholder":"Put a value here","is_array":false,"required":false,"hidden":true,"readonly":false,"validated":false},"id":{"type":"string","description":"software_spec id","placeholder":"Put a value here","is_array":false,"required":false,"hidden":false,"readonly":false,"validated":false},"name":{"type":"string","description":"software_spec name","placeholder":"Put a value here","is_array":false,"required":false,"hidden":false,"readonly":false,"validated":false},"rev":{"type":"string","description":"software_spec rev","placeholder":"Put a value here","is_array":false,"required":false,"hidden":false,"readonly":false,"validated":false}}}}}}},"external_parameters":{"type":"object","description":"pipeline nodes","placeholder":"Put a value here","is_array":true,"required":false,"hidden":false,"readonly":false,"validated":false,"properties":{"description":{"type":"string","description":"description","placeholder":"Put a value here","is_array":false,"required":false,"hidden":false,"readonly":false,"validated":false},"name":{"type":"string","description":"name","placeholder":"Put a value here","is_array":false,"required":true,"hidden":false,"readonly":false,"validated":false},"paths":{"type":"string","description":"paths","placeholder":"Put a value here","is_array":true,"required":true,"hidden":false,"readonly":false,"validated":false},"required":{"type":"bool","description":"required","placeholder":"Put a value here","is_array":false,"required":false,"hidden":false,"readonly":false,"validated":false},"type":{"type":"string","description":"type","placeholder":"Put a value here","is_array":false,"required":true,"hidden":false,"readonly":false,"validated":false,"values":["string","integer","object","array","boolean"]}}},"id":{"type":"string","description":"pipeline id","placeholder":"Put a value here","is_array":false,"required":true,"hidden":false,"readonly":false,"validated":false},"name":{"type":"string","description":"pipeline name","placeholder":"Put a value here","is_array":false,"required":false,"hidden":false,"readonly":false,"validated":false},"nodes":{"type":"object","description":"pipeline nodes","placeholder":"Put a value here","is_array":true,"required":true,"hidden":false,"readonly":false,"validated":false,"properties":{"app_data":{"type":"object","description":"app_data","placeholder":"Put a value here","is_array":false,"required":false,"hidden":false,"readonly":false,"validated":false,"properties":{"ui_data":{"type":"object","description":"caller defined ui_data","placeholder":"Put a value here","is_array":false,"required":false,"hidden":false,"readonly":false,"validated":false,"properties":{"{user-defined-property}":{"description":"custom property","placeholder":"Put a value here","required":false,"hidden":false,"readonly":false,"validated":false}}},"wml_data":{"type":"object","description":"wml_data","placeholder":"Put a value here","is_array":false,"required":true,"hidden":false,"readonly":false,"validated":false,"properties":{"hardware_spec":{"type":"object","description":"hardware_spec","placeholder":"Put a value here","is_array":false,"required":false,"hidden":false,"readonly":false,"validated":false,"properties":{"base_id":{"type":"string","description":"base hardware_spec id","placeholder":"Put a value here","is_array":false,"required":false,"hidden":true,"readonly":false,"validated":false},"id":{"type":"string","description":"hardware_spec id","placeholder":"Put a value here","is_array":false,"required":false,"hidden":false,"readonly":false,"validated":false},"name":{"type":"string","description":"hardware_spec name","placeholder":"Put a value here","is_array":false,"required":false,"hidden":false,"readonly":false,"validated":false},"num_nodes":{"type":"number","description":"number of nodes","placeholder":"Put a value here","is_array":false,"required":false,"hidden":false,"readonly":false,"validated":false},"rev":{"type":"string","description":"hardware_spec rev","placeholder":"Put a value here","is_array":false,"required":false,"hidden":false,"readonly":false,"validated":false}}},"software_spec":{"type":"object","description":"software_spec of the function","placeholder":"Put a value here","is_array":false,"required":false,"hidden":false,"readonly":false,"validated":false,"properties":{"base_id":{"type":"string","description":"base software_spec id","placeholder":"Put a value here","is_array":false,"required":false,"hidden":true,"readonly":false,"validated":false},"id":{"type":"string","description":"software_spec id","placeholder":"Put a value here","is_array":false,"required":false,"hidden":false,"readonly":false,"validated":false},"name":{"type":"string","description":"software_spec name","placeholder":"Put a value here","is_array":false,"required":false,"hidden":false,"readonly":false,"validated":false},"rev":{"type":"string","description":"software_spec rev","placeholder":"Put a value here","is_array":false,"required":false,"hidden":false,"readonly":false,"validated":false}}}}}}},"connection":{"type":"object","description":"connection","placeholder":"Put a value here","is_array":false,"required":false,"hidden":false,"readonly":false,"validated":false,"properties":{"app_data":{"type":"object","description":"app_data","placeholder":"Put a value here","is_array":false,"required":false,"hidden":false,"readonly":false,"validated":false,"properties":{"ui_data":{"type":"object","description":"caller defined ui_data","placeholder":"Put a value here","is_array":false,"required":false,"hidden":false,"readonly":false,"validated":false,"properties":{"{user-defined-property}":{"description":"custom property","placeholder":"Put a value here","required":false,"hidden":false,"readonly":false,"validated":false}}},"wml_data":{"type":"object","description":"wml_data","placeholder":"Put a value here","is_array":false,"required":true,"hidden":false,"readonly":false,"validated":false,"properties":{"hardware_spec":{"type":"object","description":"hardware_spec","placeholder":"Put a value here","is_array":false,"required":false,"hidden":false,"readonly":false,"validated":false,"properties":{"base_id":{"type":"string","description":"base hardware_spec id","placeholder":"Put a value here","is_array":false,"required":false,"hidden":true,"readonly":false,"validated":false},"id":{"type":"string","description":"hardware_spec id","placeholder":"Put a value here","is_array":false,"required":false,"hidden":false,"readonly":false,"validated":false},"name":{"type":"string","description":"hardware_spec name","placeholder":"Put a value here","is_array":false,"required":false,"hidden":false,"readonly":false,"validated":false},"num_nodes":{"type":"number","description":"number of nodes","placeholder":"Put a value here","is_array":false,"required":false,"hidden":false,"readonly":false,"validated":false},"rev":{"type":"string","description":"hardware_spec rev","placeholder":"Put a value here","is_array":false,"required":false,"hidden":false,"readonly":false,"validated":false}}},"software_spec":{"type":"object","description":"software_spec of the function","placeholder":"Put a value here","is_array":false,"required":false,"hidden":false,"readonly":false,"validated":false,"properties":{"base_id":{"type":"string","description":"base software_spec id","placeholder":"Put a value here","is_array":false,"required":false,"hidden":true,"readonly":false,"validated":false},"id":{"type":"string","description":"software_spec id","placeholder":"Put a value here","is_array":false,"required":false,"hidden":false,"readonly":false,"validated":false},"name":{"type":"string","description":"software_spec name","placeholder":"Put a value here","is_array":false,"required":false,"hidden":false,"readonly":false,"validated":false},"rev":{"type":"string","description":"software_spec rev","placeholder":"Put a value here","is_array":false,"required":false,"hidden":false,"readonly":false,"validated":false}}}}}}},"catalog_ref":{"type":"string","description":"catalog_ref","placeholder":"Put a value here","is_array":false,"required":false,"hidden":false,"readonly":false,"validated":false},"name":{"type":"string","description":"name","placeholder":"Put a value here","is_array":false,"required":false,"hidden":false,"readonly":false,"validated":false},"project_ref":{"type":"string","description":"project_ref","placeholder":"Put a value here","is_array":false,"required":false,"hidden":false,"readonly":false,"validated":false},"properties":{"type":"object","description":"properties","placeholder":"Put a value here","is_array":false,"required":false,"hidden":false,"readonly":false,"validated":false,"properties":{"{user-defined-property}":{"description":"custom property","placeholder":"Put a value here","required":false,"hidden":false,"readonly":false,"validated":false}}},"ref":{"type":"string","description":"ref","placeholder":"Put a value here","is_array":false,"required":true,"hidden":false,"readonly":false,"validated":false}}},"data_asset":{"type":"object","description":"data_asset","placeholder":"Put a value here","is_array":false,"required":false,"hidden":false,"readonly":false,"validated":false,"properties":{"app_data":{"type":"object","description":"app_data","placeholder":"Put a value here","is_array":false,"required":false,"hidden":false,"readonly":false,"validated":false,"properties":{"ui_data":{"type":"object","description":"caller defined ui_data","placeholder":"Put a value here","is_array":false,"required":false,"hidden":false,"readonly":false,"validated":false,"properties":{"{user-defined-property}":{"description":"custom property","placeholder":"Put a value here","required":false,"hidden":false,"readonly":false,"validated":false}}},"wml_data":{"type":"object","description":"wml_data","placeholder":"Put a value here","is_array":false,"required":true,"hidden":false,"readonly":false,"validated":false,"properties":{"hardware_spec":{"type":"object","description":"hardware_spec","placeholder":"Put a value here","is_array":false,"required":false,"hidden":false,"readonly":false,"validated":false,"properties":{"base_id":{"type":"string","description":"base hardware_spec id","placeholder":"Put a value here","is_array":false,"required":false,"hidden":true,"readonly":false,"validated":false},"id":{"type":"string","description":"hardware_spec id","placeholder":"Put a value here","is_array":false,"required":false,"hidden":false,"readonly":false,"validated":false},"name":{"type":"string","description":"hardware_spec name","placeholder":"Put a value here","is_array":false,"required":false,"hidden":false,"readonly":false,"validated":false},"num_nodes":{"type":"number","description":"number of nodes","placeholder":"Put a value here","is_array":false,"required":false,"hidden":false,"readonly":false,"validated":false},"rev":{"type":"string","description":"hardware_spec rev","placeholder":"Put a value here","is_array":false,"required":false,"hidden":false,"readonly":false,"validated":false}}},"software_spec":{"type":"object","description":"software_spec of the function","placeholder":"Put a value here","is_array":false,"required":false,"hidden":false,"readonly":false,"validated":false,"properties":{"base_id":{"type":"string","description":"base software_spec id","placeholder":"Put a value here","is_array":false,"required":false,"hidden":true,"readonly":false,"validated":false},"id":{"type":"string","description":"software_spec id","placeholder":"Put a value here","is_array":false,"required":false,"hidden":false,"readonly":false,"validated":false},"name":{"type":"string","description":"software_spec name","placeholder":"Put a value here","is_array":false,"required":false,"hidden":false,"readonly":false,"validated":false},"rev":{"type":"string","description":"software_spec rev","placeholder":"Put a value here","is_array":false,"required":false,"hidden":false,"readonly":false,"validated":false}}}}}}},"catalog_ref":{"type":"string","description":"catalog_ref","placeholder":"Put a value here","is_array":false,"required":false,"hidden":false,"readonly":false,"validated":false},"project_ref":{"type":"string","description":"project_ref","placeholder":"Put a value here","is_array":false,"required":false,"hidden":false,"readonly":false,"validated":false},"properties":{"type":"object","description":"properties","placeholder":"Put a value here","is_array":false,"required":false,"hidden":false,"readonly":false,"validated":false,"properties":{"attachment_ref":{"type":"string","description":"attachment_ref","placeholder":"Put a value here","is_array":false,"required":false,"hidden":false,"readonly":false,"validated":false},"name":{"type":"string","description":"name","placeholder":"Put a value here","is_array":false,"required":false,"hidden":false,"readonly":false,"validated":false},"no_write_schema":{"type":"bool","description":"no_write_schema","placeholder":"Put a value here","is_array":false,"required":false,"hidden":false,"readonly":false,"validated":false},"no_write_status":{"type":"bool","description":"no_write_status","placeholder":"Put a value here","is_array":false,"required":false,"hidden":false,"readonly":false,"validated":false}}},"ref":{"type":"string","description":"ref","placeholder":"Put a value here","is_array":false,"required":false,"hidden":false,"readonly":false,"validated":false}}},"id":{"type":"string","description":"node id","placeholder":"Put a value here","is_array":false,"required":true,"hidden":false,"readonly":false,"validated":false},"inputs":{"type":"object","description":"node inputs","placeholder":"Put a value here","is_array":true,"required":false,"hidden":false,"readonly":false,"validated":false,"properties":{"app_data":{"type":"object","description":"app_data","placeholder":"Put a value here","is_array":false,"required":false,"hidden":false,"readonly":false,"validated":false,"properties":{"ui_data":{"type":"object","description":"caller defined ui_data","placeholder":"Put a value here","is_array":false,"required":false,"hidden":false,"readonly":false,"validated":false,"properties":{"{user-defined-property}":{"description":"custom property","placeholder":"Put a value here","required":false,"hidden":false,"readonly":false,"validated":false}}},"wml_data":{"type":"object","description":"wml_data","placeholder":"Put a value here","is_array":false,"required":true,"hidden":false,"readonly":false,"validated":false,"properties":{"hardware_spec":{"type":"object","description":"hardware_spec","placeholder":"Put a value here","is_array":false,"required":false,"hidden":false,"readonly":false,"validated":false,"properties":{"base_id":{"type":"string","description":"base hardware_spec id","placeholder":"Put a value here","is_array":false,"required":false,"hidden":true,"readonly":false,"validated":false},"id":{"type":"string","description":"hardware_spec id","placeholder":"Put a value here","is_array":false,"required":false,"hidden":false,"readonly":false,"validated":false},"name":{"type":"string","description":"hardware_spec name","placeholder":"Put a value here","is_array":false,"required":false,"hidden":false,"readonly":false,"validated":false},"num_nodes":{"type":"number","description":"number of nodes","placeholder":"Put a value here","is_array":false,"required":false,"hidden":false,"readonly":false,"validated":false},"rev":{"type":"string","description":"hardware_spec rev","placeholder":"Put a value here","is_array":false,"required":false,"hidden":false,"readonly":false,"validated":false}}},"software_spec":{"type":"object","description":"software_spec of the function","placeholder":"Put a value here","is_array":false,"required":false,"hidden":false,"readonly":false,"validated":false,"properties":{"base_id":{"type":"string","description":"base software_spec id","placeholder":"Put a value here","is_array":false,"required":false,"hidden":true,"readonly":false,"validated":false},"id":{"type":"string","description":"software_spec id","placeholder":"Put a value here","is_array":false,"required":false,"hidden":false,"readonly":false,"validated":false},"name":{"type":"string","description":"software_spec name","placeholder":"Put a value here","is_array":false,"required":false,"hidden":false,"readonly":false,"validated":false},"rev":{"type":"string","description":"software_spec rev","placeholder":"Put a value here","is_array":false,"required":false,"hidden":false,"readonly":false,"validated":false}}}}}}},"id":{"type":"string","description":"id","placeholder":"Put a value here","is_array":false,"required":true,"hidden":false,"readonly":false,"validated":false},"links":{"type":"object","description":"links","placeholder":"Put a value here","is_array":true,"required":false,"hidden":false,"readonly":false,"validated":false,"properties":{"app_data":{"type":"object","description":"app_data","placeholder":"Put a value here","is_array":false,"required":false,"hidden":false,"readonly":false,"validated":false,"properties":{"ui_data":{"type":"object","description":"caller defined ui_data","placeholder":"Put a value here","is_array":false,"required":false,"hidden":false,"readonly":false,"validated":false,"properties":{"{user-defined-property}":{"description":"custom property","placeholder":"Put a value here","required":false,"hidden":false,"readonly":false,"validated":false}}},"wml_data":{"type":"object","description":"wml_data","placeholder":"Put a value here","is_array":false,"required":true,"hidden":false,"readonly":false,"validated":false,"properties":{"hardware_spec":{"type":"object","description":"hardware_spec","placeholder":"Put a value here","is_array":false,"required":false,"hidden":false,"readonly":false,"validated":false,"properties":{"base_id":{"type":"string","description":"base hardware_spec id","placeholder":"Put a value here","is_array":false,"required":false,"hidden":true,"readonly":false,"validated":false},"id":{"type":"string","description":"hardware_spec id","placeholder":"Put a value here","is_array":false,"required":false,"hidden":false,"readonly":false,"validated":false},"name":{"type":"string","description":"hardware_spec name","placeholder":"Put a value here","is_array":false,"required":false,"hidden":false,"readonly":false,"validated":false},"num_nodes":{"type":"number","description":"number of nodes","placeholder":"Put a value here","is_array":false,"required":false,"hidden":false,"readonly":false,"validated":false},"rev":{"type":"string","description":"hardware_spec rev","placeholder":"Put a value here","is_array":false,"required":false,"hidden":false,"readonly":false,"validated":false}}},"software_spec":{"type":"object","description":"software_spec of the function","placeholder":"Put a value here","is_array":false,"required":false,"hidden":false,"readonly":false,"validated":false,"properties":{"base_id":{"type":"string","description":"base software_spec id","placeholder":"Put a value here","is_array":false,"required":false,"hidden":true,"readonly":false,"validated":false},"id":{"type":"string","description":"software_spec id","placeholder":"Put a value here","is_array":false,"required":false,"hidden":false,"readonly":false,"validated":false},"name":{"type":"string","description":"software_spec name","placeholder":"Put a value here","is_array":false,"required":false,"hidden":false,"readonly":false,"validated":false},"rev":{"type":"string","description":"software_spec rev","placeholder":"Put a value here","is_array":false,"required":false,"hidden":false,"readonly":false,"validated":false}}}}}}},"node_id_ref":{"type":"string","description":"node_id_ref","placeholder":"Put a value here","is_array":false,"required":true,"hidden":false,"readonly":false,"validated":false},"port_id_ref":{"type":"string","description":"port_id_ref","placeholder":"Put a value here","is_array":false,"required":false,"hidden":false,"readonly":false,"validated":false}}},"schema_ref":{"type":"string","description":"schema_ref","placeholder":"Put a value here","is_array":false,"required":false,"hidden":false,"readonly":false,"validated":false},"subflow_node_ref":{"type":"string","description":"subflow_node_ref","placeholder":"Put a value here","is_array":false,"required":false,"hidden":false,"readonly":false,"validated":false}}},"model_ref":{"type":"string","description":"node model_ref","placeholder":"Put a value here","is_array":false,"required":false,"hidden":false,"readonly":false,"validated":false},"op":{"type":"string","description":"node op","placeholder":"Put a value here","is_array":false,"required":false,"hidden":false,"readonly":false,"validated":false},"outputs":{"type":"object","description":"node inputs","placeholder":"Put a value here","is_array":true,"required":false,"hidden":false,"readonly":false,"validated":false,"properties":{"app_data":{"type":"object","description":"app_data","placeholder":"Put a value here","is_array":false,"required":false,"hidden":false,"readonly":false,"validated":false,"properties":{"ui_data":{"type":"object","description":"caller defined ui_data","placeholder":"Put a value here","is_array":false,"required":false,"hidden":false,"readonly":false,"validated":false,"properties":{"{user-defined-property}":{"description":"custom property","placeholder":"Put a value here","required":false,"hidden":false,"readonly":false,"validated":false}}},"wml_data":{"type":"object","description":"wml_data","placeholder":"Put a value here","is_array":false,"required":true,"hidden":false,"readonly":false,"validated":false,"properties":{"hardware_spec":{"type":"object","description":"hardware_spec","placeholder":"Put a value here","is_array":false,"required":false,"hidden":false,"readonly":false,"validated":false,"properties":{"base_id":{"type":"string","description":"base hardware_spec id","placeholder":"Put a value here","is_array":false,"required":false,"hidden":true,"readonly":false,"validated":false},"id":{"type":"string","description":"hardware_spec id","placeholder":"Put a value here","is_array":false,"required":false,"hidden":false,"readonly":false,"validated":false},"name":{"type":"string","description":"hardware_spec name","placeholder":"Put a value here","is_array":false,"required":false,"hidden":false,"readonly":false,"validated":false},"num_nodes":{"type":"number","description":"number of nodes","placeholder":"Put a value here","is_array":false,"required":false,"hidden":false,"readonly":false,"validated":false},"rev":{"type":"string","description":"hardware_spec rev","placeholder":"Put a value here","is_array":false,"required":false,"hidden":false,"readonly":false,"validated":false}}},"software_spec":{"type":"object","description":"software_spec of the function","placeholder":"Put a value here","is_array":false,"required":false,"hidden":false,"readonly":false,"validated":false,"properties":{"base_id":{"type":"string","description":"base software_spec id","placeholder":"Put a value here","is_array":false,"required":false,"hidden":true,"readonly":false,"validated":false},"id":{"type":"string","description":"software_spec id","placeholder":"Put a value here","is_array":false,"required":false,"hidden":false,"readonly":false,"validated":false},"name":{"type":"string","description":"software_spec name","placeholder":"Put a value here","is_array":false,"required":false,"hidden":false,"readonly":false,"validated":false},"rev":{"type":"string","description":"software_spec rev","placeholder":"Put a value here","is_array":false,"required":false,"hidden":false,"readonly":false,"validated":false}}}}}}},"id":{"type":"string","description":"id","placeholder":"Put a value here","is_array":false,"required":true,"hidden":false,"readonly":false,"validated":false},"links":{"type":"object","description":"links","placeholder":"Put a value here","is_array":true,"required":false,"hidden":false,"readonly":false,"validated":false,"properties":{"app_data":{"type":"object","description":"app_data","placeholder":"Put a value here","is_array":false,"required":false,"hidden":false,"readonly":false,"validated":false,"properties":{"ui_data":{"type":"object","description":"caller defined ui_data","placeholder":"Put a value here","is_array":false,"required":false,"hidden":false,"readonly":false,"validated":false,"properties":{"{user-defined-property}":{"description":"custom property","placeholder":"Put a value here","required":false,"hidden":false,"readonly":false,"validated":false}}},"wml_data":{"type":"object","description":"wml_data","placeholder":"Put a value here","is_array":false,"required":true,"hidden":false,"readonly":false,"validated":false,"properties":{"hardware_spec":{"type":"object","description":"hardware_spec","placeholder":"Put a value here","is_array":false,"required":false,"hidden":false,"readonly":false,"validated":false,"properties":{"base_id":{"type":"string","description":"base hardware_spec id","placeholder":"Put a value here","is_array":false,"required":false,"hidden":true,"readonly":false,"validated":false},"id":{"type":"string","description":"hardware_spec id","placeholder":"Put a value here","is_array":false,"required":false,"hidden":false,"readonly":false,"validated":false},"name":{"type":"string","description":"hardware_spec name","placeholder":"Put a value here","is_array":false,"required":false,"hidden":false,"readonly":false,"validated":false},"num_nodes":{"type":"number","description":"number of nodes","placeholder":"Put a value here","is_array":false,"required":false,"hidden":false,"readonly":false,"validated":false},"rev":{"type":"string","description":"hardware_spec rev","placeholder":"Put a value here","is_array":false,"required":false,"hidden":false,"readonly":false,"validated":false}}},"software_spec":{"type":"object","description":"software_spec of the function","placeholder":"Put a value here","is_array":false,"required":false,"hidden":false,"readonly":false,"validated":false,"properties":{"base_id":{"type":"string","description":"base software_spec id","placeholder":"Put a value here","is_array":false,"required":false,"hidden":true,"readonly":false,"validated":false},"id":{"type":"string","description":"software_spec id","placeholder":"Put a value here","is_array":false,"required":false,"hidden":false,"readonly":false,"validated":false},"name":{"type":"string","description":"software_spec name","placeholder":"Put a value here","is_array":false,"required":false,"hidden":false,"readonly":false,"validated":false},"rev":{"type":"string","description":"software_spec rev","placeholder":"Put a value here","is_array":false,"required":false,"hidden":false,"readonly":false,"validated":false}}}}}}},"node_id_ref":{"type":"string","description":"node_id_ref","placeholder":"Put a value here","is_array":false,"required":true,"hidden":false,"readonly":false,"validated":false},"port_id_ref":{"type":"string","description":"port_id_ref","placeholder":"Put a value here","is_array":false,"required":false,"hidden":false,"readonly":false,"validated":false}}},"schema_ref":{"type":"string","description":"schema_ref","placeholder":"Put a value here","is_array":false,"required":false,"hidden":false,"readonly":false,"validated":false},"subflow_node_ref":{"type":"string","description":"subflow_node_ref","placeholder":"Put a value here","is_array":false,"required":false,"hidden":false,"readonly":false,"validated":false}}},"parameters":{"type":"object","description":"caller defined parameters","placeholder":"Put a value here","is_array":false,"required":false,"hidden":false,"readonly":false,"validated":false,"properties":{"{user-defined-property}":{"description":"custom js value","placeholder":"Put a value here","required":false,"hidden":false,"readonly":false,"validated":false}}},"runtime_ref":{"type":"string","description":"pipeline runtime_ref","placeholder":"Put a value here","is_array":false,"required":false,"hidden":false,"readonly":false,"validated":false},"subflow_ref":{"type":"object","description":"subflow_ref","placeholder":"Put a value here","is_array":false,"required":false,"hidden":false,"readonly":false,"validated":false,"properties":{"pipeline_id_ref":{"type":"string","description":"pipeline_id_ref","placeholder":"Put a value here","is_array":false,"required":true,"hidden":false,"readonly":false,"validated":false},"url":{"type":"string","description":"url","placeholder":"Put a value here","is_array":false,"required":false,"hidden":false,"readonly":false,"validated":false}}},"type":{"type":"string","description":"node type","placeholder":"Put a value here","is_array":false,"required":true,"hidden":false,"readonly":false,"validated":false,"values":["execution_node","super_node","binding","model_node"]}}},"runtime_ref":{"type":"string","description":"pipeline runtime_ref","placeholder":"Put a value here","is_array":false,"required":true,"hidden":false,"readonly":false,"validated":false}}},"primary_pipeline":{"type":"string","description":"primary pipeline id","placeholder":"Put a value here","is_array":false,"required":true,"hidden":false,"readonly":false,"validated":false},"runtimes":{"type":"object","description":"runtimes","placeholder":"Put a value here","is_array":true,"required":false,"hidden":false,"readonly":false,"validated":false,"properties":{"app_data":{"type":"object","description":"app_data","placeholder":"Put a value here","is_array":false,"required":false,"hidden":false,"readonly":false,"validated":false,"properties":{"ui_data":{"type":"object","description":"caller defined ui_data","placeholder":"Put a value here","is_array":false,"required":false,"hidden":false,"readonly":false,"validated":false,"properties":{"{user-defined-property}":{"description":"custom property","placeholder":"Put a value here","required":false,"hidden":false,"readonly":false,"validated":false}}},"wml_data":{"type":"object","description":"wml_data","placeholder":"Put a value here","is_array":false,"required":true,"hidden":false,"readonly":false,"validated":false,"properties":{"hardware_spec":{"type":"object","description":"hardware_spec","placeholder":"Put a value here","is_array":false,"required":false,"hidden":false,"readonly":false,"validated":false,"properties":{"base_id":{"type":"string","description":"base hardware_spec id","placeholder":"Put a value here","is_array":false,"required":false,"hidden":true,"readonly":false,"validated":false},"id":{"type":"string","description":"hardware_spec id","placeholder":"Put a value here","is_array":false,"required":false,"hidden":false,"readonly":false,"validated":false},"name":{"type":"string","description":"hardware_spec name","placeholder":"Put a value here","is_array":false,"required":false,"hidden":false,"readonly":false,"validated":false},"num_nodes":{"type":"number","description":"number of nodes","placeholder":"Put a value here","is_array":false,"required":false,"hidden":false,"readonly":false,"validated":false},"rev":{"type":"string","description":"hardware_spec rev","placeholder":"Put a value here","is_array":false,"required":false,"hidden":false,"readonly":false,"validated":false}}},"software_spec":{"type":"object","description":"software_spec of the function","placeholder":"Put a value here","is_array":false,"required":false,"hidden":false,"readonly":false,"validated":false,"properties":{"base_id":{"type":"string","description":"base software_spec id","placeholder":"Put a value here","is_array":false,"required":false,"hidden":true,"readonly":false,"validated":false},"id":{"type":"string","description":"software_spec id","placeholder":"Put a value here","is_array":false,"required":false,"hidden":false,"readonly":false,"validated":false},"name":{"type":"string","description":"software_spec name","placeholder":"Put a value here","is_array":false,"required":false,"hidden":false,"readonly":false,"validated":false},"rev":{"type":"string","description":"software_spec rev","placeholder":"Put a value here","is_array":false,"required":false,"hidden":false,"readonly":false,"validated":false}}}}}}},"id":{"type":"string","description":"id","placeholder":"Put a value here","is_array":false,"required":true,"hidden":false,"readonly":false,"validated":false},"name":{"type":"string","description":"name","placeholder":"Put a value here","is_array":false,"required":true,"hidden":false,"readonly":false,"validated":false},"version":{"type":"string","description":"version","placeholder":"Put a value here","is_array":false,"required":false,"hidden":false,"readonly":false,"validated":false}}},"schemas":{"type":"object","description":"schemas","placeholder":"Put a value here","is_array":true,"required":false,"hidden":false,"readonly":false,"validated":false,"properties":{"fields":{"type":"object","description":"fields of the schema","placeholder":"Put a value here","is_array":true,"required":false,"hidden":false,"readonly":false,"validated":false,"properties":{"metadata":{"type":"object","description":"metadata of the schema field","placeholder":"Put a value here","is_array":false,"required":false,"hidden":false,"readonly":false,"validated":false,"properties":{"decimal_precision":{"type":"number","description":"decimal precision","placeholder":"Put a value here","is_array":false,"required":false,"hidden":false,"readonly":false,"validated":false},"decimal_scale":{"type":"number","description":"decimal scale","placeholder":"Put a value here","is_array":false,"required":false,"hidden":false,"readonly":false,"validated":false},"description":{"type":"string","description":"description of the schema metadata","placeholder":"Put a value here","is_array":false,"required":false,"hidden":false,"readonly":false,"validated":false},"max_length":{"type":"number","description":"max length","placeholder":"Put a value here","is_array":false,"required":false,"hidden":false,"readonly":false,"validated":false},"measure":{"type":"string","description":"measure of the schema metadata","placeholder":"Put a value here","is_array":false,"required":true,"hidden":false,"readonly":false,"validated":false,"values":["range","discrete","flag","set","ordered-set","typeless","collection","geospatial","default"]},"modeling_role":{"type":"string","description":"modeling role","placeholder":"Put a value here","is_array":false,"required":true,"hidden":false,"readonly":false,"validated":false,"values":["input","target","both","none","partition","split","frequency","record-id"]},"range":{"type":"object","description":"range","placeholder":"Put a value here","is_array":false,"required":false,"hidden":false,"readonly":false,"validated":false,"properties":{"max":{"type":"number","description":"max","placeholder":"Put a value here","is_array":false,"required":true,"hidden":false,"readonly":false,"validated":false},"min":{"type":"number","description":"min","placeholder":"Put a value here","is_array":false,"required":true,"hidden":false,"readonly":false,"validated":false}}},"runtime_type":{"type":"string","description":"runtime type","placeholder":"Put a value here","is_array":false,"required":false,"hidden":false,"readonly":false,"validated":false},"values":{"type":"string","description":"values","placeholder":"Put a value here","is_array":true,"required":false,"hidden":false,"readonly":false,"validated":false}}},"name":{"type":"string","description":"name of the schema field","placeholder":"Put a value here","is_array":false,"required":true,"hidden":false,"readonly":false,"validated":false},"nullable":{"type":"bool","description":"nullable of the schema field","placeholder":"Put a value here","is_array":false,"required":false,"hidden":false,"readonly":false,"validated":false},"type":{"type":"string","description":"type of the schema field","placeholder":"Put a value here","is_array":false,"required":true,"hidden":false,"readonly":false,"validated":false}}},"id":{"type":"string","description":"id of the schema","placeholder":"Put a value here","is_array":false,"required":true,"hidden":false,"readonly":false,"validated":false},"name":{"type":"string","description":"name of the schema","placeholder":"Put a value here","is_array":false,"required":false,"hidden":false,"readonly":false,"validated":false},"struct_types":{"type":"object","description":"struct types","placeholder":"Put a value here","is_array":false,"required":false,"hidden":false,"readonly":false,"validated":false,"properties":{"{user-defined-property}":{"type":"object","description":"struct type","placeholder":"Put a value here","is_array":false,"required":false,"hidden":false,"readonly":false,"validated":false,"properties":{"fields":{"type":"object","description":"fields of the schema","placeholder":"Put a value here","is_array":true,"required":true,"hidden":false,"readonly":false,"validated":false,"properties":{"metadata":{"type":"object","description":"metadata of the schema field","placeholder":"Put a value here","is_array":false,"required":false,"hidden":false,"readonly":false,"validated":false,"properties":{"decimal_precision":{"type":"number","description":"decimal precision","placeholder":"Put a value here","is_array":false,"required":false,"hidden":false,"readonly":false,"validated":false},"decimal_scale":{"type":"number","description":"decimal scale","placeholder":"Put a value here","is_array":false,"required":false,"hidden":false,"readonly":false,"validated":false},"description":{"type":"string","description":"description of the schema metadata","placeholder":"Put a value here","is_array":false,"required":false,"hidden":false,"readonly":false,"validated":false},"max_length":{"type":"number","description":"max length","placeholder":"Put a value here","is_array":false,"required":false,"hidden":false,"readonly":false,"validated":false},"measure":{"type":"string","description":"measure of the schema metadata","placeholder":"Put a value here","is_array":false,"required":true,"hidden":false,"readonly":false,"validated":false,"values":["range","discrete","flag","set","ordered-set","typeless","collection","geospatial","default"]},"modeling_role":{"type":"string","description":"modeling role","placeholder":"Put a value here","is_array":false,"required":true,"hidden":false,"readonly":false,"validated":false,"values":["input","target","both","none","partition","split","frequency","record-id"]},"range":{"type":"object","description":"range","placeholder":"Put a value here","is_array":false,"required":false,"hidden":false,"readonly":false,"validated":false,"properties":{"max":{"type":"number","description":"max","placeholder":"Put a value here","is_array":false,"required":true,"hidden":false,"readonly":false,"validated":false},"min":{"type":"number","description":"min","placeholder":"Put a value here","is_array":false,"required":true,"hidden":false,"readonly":false,"validated":false}}},"runtime_type":{"type":"string","description":"runtime type","placeholder":"Put a value here","is_array":false,"required":false,"hidden":false,"readonly":false,"validated":false},"values":{"type":"string","description":"values","placeholder":"Put a value here","is_array":true,"required":false,"hidden":false,"readonly":false,"validated":false}}},"name":{"type":"string","description":"name of the schema field","placeholder":"Put a value here","is_array":false,"required":true,"hidden":false,"readonly":false,"validated":false},"nullable":{"type":"bool","description":"type of the schema field","placeholder":"Put a value here","is_array":false,"required":false,"hidden":false,"readonly":false,"validated":false},"type":{"type":"string","description":"type of the schema field","placeholder":"Put a value here","is_array":false,"required":true,"hidden":false,"readonly":false,"validated":false}}}}}}},"type":{"type":"string","description":"type of the schema","placeholder":"Put a value here","is_array":false,"required":false,"hidden":false,"readonly":false,"validated":false}}},"version":{"type":"string","description":"pipeline document version","placeholder":"Put a value here","is_array":false,"required":true,"hidden":false,"readonly":false,"validated":false,"values":["2.0"]}}},"hardware_spec_dependencies":{"type":"string","description":"list of dependent hardware_spec ids for the pipeline","placeholder":"Put a value here","is_array":true,"required":false,"hidden":true,"readonly":false,"validated":false,"default_value":"None"},"ml_version":{"type":"string","description":"Internal version of the ml asset type","placeholder":"Put a value here","is_array":false,"required":true,"hidden":true,"readonly":true,"validated":false,"default_value":"4.0.3"},"model_definition_dependencies":{"type":"string","description":"list of dependent model_definition ids for the pipeline","placeholder":"Put a value here","is_array":true,"required":false,"hidden":true,"readonly":false,"validated":false,"default_value":"None"},"software_spec_dependencies":{"type":"string","description":"list of dependent software_spec ids for the pipeline","placeholder":"Put a value here","is_array":true,"required":false,"hidden":true,"readonly":false,"validated":false,"default_value":"None"}},"localized_metadata_attributes":{"name":{"de":"Pipeline","default":"Pipeline","en":"Pipeline","es":"Conducto","fr":"Pipeline","it":"Pipeline","ja":"パイプライン","ko":"파이프라인","pt-BR":"Pipeline","sv":"Pipa","zh-Hans":"管道","zh-Hant":"管線"}},"global_search_searchable":[],"attribute_only":false,"is_column_custom_attribute":false,"version":2,"name":"wml_pipeline","scope":"GLOBAL","allow_decorators":true}
